<?xml version="1.0" encoding="UTF-8"?>
<project-private xmlns="http://www.netbeans.org/ns/project-private/1">
    <editor-bookmarks xmlns="http://www.netbeans.org/ns/editor-bookmarks/2" lastBookmarkId="0"/>
    <open-files xmlns="http://www.netbeans.org/ns/projectui-open-files/2">
        <group>
            <file>file:/D:/Trabajos/Proyecto/src/Vista/Login.java</file>
            <file>file:/D:/Trabajos/Proyecto/src/Modelo/Licores.java</file>
            <file>file:/D:/Trabajos/Proyecto/src/Modelo/Licor.java</file>
            <file>file:/D:/Trabajos/Proyecto/src/Vista/pnlHome.java</file>
            <file>file:/D:/Trabajos/Proyecto/src/Modelo/Persistencia.java</file>
            <file>file:/D:/Trabajos/Proyecto/src/Vista/Agregar.java</file>
        </group>
    </open-files>
</project-private>
